Наименование;Ссылка;Цена;Размер;Изображение
Лонгслив Anteater LongSleeve;https://creamshop.ru/store/clothing/longsliv/long088/;1 599 руб.;['РазмерXSSMLXLXXL'];/upload/resize_cache/iblock/160/270_338_2/hnqgykzescx6i44kst86zryuo1aaa079.jpg
Толстовка Anteater Crewneck;https://creamshop.ru/store/clothing/tolstovka/crewneck-purple-anteater/;2 999 руб.;['РазмерSMLXL'];/upload/resize_cache/iblock/dd8/270_338_2/siw4ch8m9a16oso1wz0g3w2pa0npr442.jpg
Лонгслив Anteater LongSleeve;https://creamshop.ru/store/clothing/longsliv/long087/;1 599 руб.;['РазмерXSSMLXLXXL'];/upload/resize_cache/iblock/3cf/270_338_2/wobps6ifny4uw8z8naiucodoobtun0bl.jpg
Толстовка Anteater Crewneck;https://creamshop.ru/store/clothing/tolstovka/crewneck-bage/;2 999 руб.;['РазмерSMLXL'];/upload/resize_cache/iblock/6bf/270_338_2/t4jddd261mk4p8d64ezzav4oawas1yma.jpg
Куртка Anteater M65;https://creamshop.ru/store/clothing/kurtka/m65-haki/;4 999 руб.5 299 руб.;['РазмерXL'];/upload/resize_cache/iblock/109/270_338_2/oyrds27l3rox8xetu0cwnemplixy7lmf.jpg
Куртка Anteater M65;https://creamshop.ru/store/clothing/kurtka/m65-black/;4 999 руб.5 599 руб.;['РазмерMLXL'];/upload/resize_cache/iblock/771/270_338_2/5y4ss3uk10qy4gzijj65wpwldpc1b6q5.jpg
Куртка Anteater Coach Jacket;https://creamshop.ru/store/clothing/kurtka/coachjkt-vlvt-dark-blue/;5 299 руб.;['РазмерXSSMLXL'];/upload/resize_cache/iblock/680/270_338_2/gn5a35gchf6e0odklr4336bcm2e6hyv2.jpg
Куртка Anteater Coach Jacket;https://creamshop.ru/store/clothing/kurtka/coachjkt-vlvt-sand/;5 299 руб.;['РазмерXSSMLXL'];/upload/resize_cache/iblock/9a8/270_338_2/u61y8so3psakqyjs60o9d7wqwao2bt6c.jpg
Куртка Anteater Coach Jacket;https://creamshop.ru/store/clothing/kurtka/coachjkt-vlvt-blue/;5 299 руб.;['РазмерXSSMLXL'];/upload/resize_cache/iblock/49b/270_338_2/qp7tqw8jh9e5qdblgk5ozgz42vrd62wt.jpg
Футболка Anteater Phat Tee;https://creamshop.ru/store/clothing/futbolka/478/;1 599 руб.;['РазмерXLXXL'];/upload/resize_cache/iblock/595/270_338_2/hsc2i0w9aqeewab0gkbn9p71x3t6g8ao.jpg
Толстовка Anteater Crewneck;https://creamshop.ru/store/clothing/tolstovka/crewneck-combo-purple/;2 699 руб.;['РазмерSMLXLXXL'];/upload/resize_cache/iblock/87a/270_338_2/i0xrq38mrto03xunu8510u7dwqv329ky.jpg
Куртка Anteater Downlight;https://creamshop.ru/store/clothing/kurtka/downlight-black/;4 599 руб.;['РазмерMLXXL'];/upload/resize_cache/iblock/c27/270_338_2/egfngo0zfacp43l75eeh225g1sw4hyd6.jpg
Куртка Anteater Coach Jacket;https://creamshop.ru/store/clothing/kurtka/coachjkt-lime/;2 999 руб.3 799 руб.;['РазмерSMLXL'];/upload/resize_cache/iblock/365/270_338_2/365a7a56efac900fd226f1c5ed1d7ebf.jpg
Футболка Anteater Tee;https://creamshop.ru/store/clothing/futbolka/475/;1 199 руб.;['РазмерXSSMLXLXXL'];/upload/resize_cache/iblock/b68/270_338_2/b685587352bdfc5f69a95744220b4ee6.jpg
Футболка Anteater Tee;https://creamshop.ru/store/clothing/futbolka/474/;1 199 руб.;['РазмерXSSMXXL'];/upload/resize_cache/iblock/2ae/270_338_2/2ae201adb5a704838ed8fe5a8d707ee5.jpg
Куртка Anteater Coach Jacket;https://creamshop.ru/store/clothing/kurtka/coachjacket-chocolate/;3 799 руб.;['РазмерSMLXL'];/upload/resize_cache/iblock/bb5/270_338_2/bb573e4d382ed696750242e882bf394b.jpg
Шорты Anteater Street;https://creamshop.ru/store/clothing/shorty/streetshorts-haki/;1 999 руб.2 699 руб.;['РазмерSMLXL'];/upload/resize_cache/iblock/019/270_338_2/01935f53db01c41f1e596d097fccd6a9.jpg
Шорты Anteater Street;https://creamshop.ru/store/clothing/shorty/streetshorts-bage/;1 999 руб.2 699 руб.;['РазмерSMLXL'];/upload/resize_cache/iblock/23e/270_338_2/23edb19ebbeeab840edda60427a34492.jpg
Брюки Anteater Workchino;https://creamshop.ru/store/clothing/bryuki/workchino-brown/;3 599 руб.;['РазмерSMLXL'];/upload/resize_cache/iblock/ec0/270_338_2/ec0f5c6732881539319c8df2b59d9492.jpg
Футболка Anteater Tee;https://creamshop.ru/store/clothing/futbolka/473/;1 199 руб.;['РазмерXSSMLXXL'];/upload/resize_cache/iblock/d94/270_338_2/d9409ca41f63a3525d928bb950abc16f.jpg
Шорты Anteater Street;https://creamshop.ru/store/clothing/shorty/shorts-jeans-navy/;2 099 руб.2 799 руб.;['РазмерSMLXL'];/upload/resize_cache/iblock/e36/270_338_2/e36366c5996a613b4dc88c758dc1c7be.jpg
Шорты Anteater Street;https://creamshop.ru/store/clothing/shorty/shorts-jeans-blue/;2 099 руб.2 799 руб.;['РазмерMLXL'];/upload/resize_cache/iblock/ad1/270_338_2/ad16fb9c790bfeb7eb16ff9d976a55f8.jpg
Анорак Anteater Spray;https://creamshop.ru/store/clothing/anorak/anorak-stripe-bl-grey/;2 499 руб.2 999 руб.;['РазмерSM'];/upload/resize_cache/iblock/950/270_338_2/950bf62d207547eb375e822490916d0c.jpg
Шорты Anteater Cargo;https://creamshop.ru/store/clothing/shorty/bcargoshorts-haki/;2 699 руб.3 499 руб.;['РазмерSMLXL'];/upload/resize_cache/iblock/498/270_338_2/4988f0cc0f02a150312b5d8f2272832f.jpg
Шорты Anteater Cargo;https://creamshop.ru/store/clothing/shorty/bcargoshorts-brown/;2 699 руб.3 499 руб.;['РазмерSMLXL'];/upload/resize_cache/iblock/847/270_338_2/84702530ced74c62f837a20032535ea9.jpg
Шорты Anteater Simple;https://creamshop.ru/store/clothing/shorty/simpleshorts-desert/;1 799 руб.2 299 руб.;['РазмерL'];/upload/resize_cache/iblock/fbf/270_338_2/fbf47b1e9feccd01454cde9b021090d1.jpg
Ветровка Anteater Zip Pocket;https://creamshop.ru/store/clothing/vetrovka/windjacket-92/;3 799 руб.;['РазмерXSSMLXL'];/upload/resize_cache/iblock/59a/270_338_2/59ac4e1b69e5325d810fb06e3a03089e.jpg
Ветровка Anteater Zip Pocket;https://creamshop.ru/store/clothing/vetrovka/windjacket-91/;3 799 руб.;['РазмерXSSMLXL'];/upload/resize_cache/iblock/d97/270_338_2/d97f26d8f4c8ad40eb791d061edb8ffc.jpg
Куртка Anteater Grad;https://creamshop.ru/store/clothing/kurtka/grad-brown/;2 999 руб.3 499 руб.;['РазмерXSSMLXL'];/upload/resize_cache/iblock/a44/270_338_2/a445228431c54d5551d66da636fa2195.jpg
Анорак Anteater Pocket;https://creamshop.ru/store/clothing/anorak/anorak-p-c-haki/;2 999 руб.;['РазмерXSSMLXL'];/upload/resize_cache/iblock/7c3/270_338_2/7c3f0783bd3e1b8282d4be7a26583cb7.jpg
Куртка Anteater Coach Jacket;https://creamshop.ru/store/clothing/kurtka/coachjkt-vlvt-bage/;5 299 руб.;['РазмерXS'];/upload/resize_cache/iblock/e12/270_338_2/e12b91b19938a0c5ff31bc6e32bc47df.jpg
Куртка Anteater Coach Jacket;https://creamshop.ru/store/clothing/kurtka/coachjkt-cement/;4 799 руб.;['РазмерSMLXL'];/upload/resize_cache/iblock/a5f/270_338_2/a5fcbd997dc5bf0bc4aba441af7d70b9.jpg
Брюки Anteater Workpants;https://creamshop.ru/store/clothing/bryuki/workpants-navy/;3 999 руб.;['РазмерSMLXL'];/upload/resize_cache/iblock/7e1/270_338_2/7e125433b9ac9eb5ca04f11c356d884c.jpg
Брюки Anteater Workpants;https://creamshop.ru/store/clothing/bryuki/workpants-blue/;3 999 руб.;['РазмерSMLXL'];/upload/resize_cache/iblock/1ce/270_338_2/1cea2418bd9e969f990f162741392f15.jpg
Куртка Anteater Coach;https://creamshop.ru/store/clothing/kurtka/coachjkt-haki/;4 799 руб.;['РазмерXSSMLXL'];/upload/resize_cache/iblock/9bf/270_338_2/9bf0a1c8d047ad255f7becfa08014c31.jpg
Анорак Anteater Spray;https://creamshop.ru/store/clothing/anorak/cotton-combo-terrakot/;3 599 руб.;['РазмерSMLXL'];/upload/resize_cache/iblock/830/270_338_2/8304a126e420c8a97e273df6cb74aa3a.jpg
Футболка Anteater Tee;https://creamshop.ru/store/clothing/futbolka/467/;999 руб.1 399 руб.;['РазмерM'];/upload/resize_cache/iblock/2e5/270_338_2/2e553a34ca843f6c126b03d130cb7297.jpg
Футболка Anteater Tee;https://creamshop.ru/store/clothing/futbolka/466/;999 руб.1 399 руб.;['РазмерS'];/upload/resize_cache/iblock/746/270_338_2/7460156420e7e7cb514402d6031c791d.jpg
Футболка Anteater Tee;https://creamshop.ru/store/clothing/futbolka/464/;999 руб.1 399 руб.;['РазмерS'];/upload/resize_cache/iblock/2e5/270_338_2/2e5f24956f9c87fa913c42cc009331b5.jpg
Футболка Anteater Tee;https://creamshop.ru/store/clothing/futbolka/462/;999 руб.1 399 руб.;['РазмерXSSMXXL'];/upload/resize_cache/iblock/b96/270_338_2/b968ee9eab5300ee3fc5a06c4829ecea.jpg
Футболка Anteater Tee;https://creamshop.ru/store/clothing/futbolka/461/;999 руб.1 399 руб.;['РазмерS'];/upload/resize_cache/iblock/49d/270_338_2/49d12f3e5d2177c4873d04fcd596be77.jpg
Куртка Anteater Bomber;https://creamshop.ru/store/clothing/kurtka/bomber-pink/;3 999 руб.4 799 руб.;['РазмерXSSMLXL'];/upload/resize_cache/iblock/ea9/270_338_2/ea9a122b2bc6290ba62b09185f2096a7.jpg
Куртка Anteater Bomber;https://creamshop.ru/store/clothing/kurtka/bomber-grey/;4 799 руб.;['РазмерXSSML'];/upload/resize_cache/iblock/308/270_338_2/308496554cff495e3108fd523f8db20f.jpg
Толстовка Anteater Hoodie;https://creamshop.ru/store/clothing/tolstovka/hoodie-black-check/;3 499 руб.4 099 руб.;['РазмерSMLXLXXL'];/upload/resize_cache/iblock/e95/270_338_2/e95fc67e785fef2aaad2f6e3229ef7d5.jpg
Толстовка Anteater Hood;https://creamshop.ru/store/clothing/tolstovka/hoodlong-bordo-anteater/;2 099 руб.2 799 руб.;['РазмерSM'];/upload/resize_cache/iblock/0ca/270_338_2/0ca4195eb2f37a20e64076bdeb6e410d.jpg
Толстовка Anteater Hood;https://creamshop.ru/store/clothing/tolstovka/hoodlong-yellow/;2 099 руб.2 799 руб.;['РазмерSMXL'];/upload/resize_cache/iblock/2a8/270_338_2/2a8fa64fae22446a359a79470aa677f4.jpg
Толстовка Anteater Hood;https://creamshop.ru/store/clothing/tolstovka/hoodlong-grey-ant/;2 099 руб.2 799 руб.;['РазмерSMLXL'];/upload/resize_cache/iblock/e97/270_338_2/e970c4b88dc5b7ed8effc84f798dad3f.jpg
Толстовка Anteater Hoodie;https://creamshop.ru/store/clothing/tolstovka/hoodie-yellow/;3 499 руб.4 099 руб.;['РазмерM'];/upload/resize_cache/iblock/8fb/270_338_2/8fb67fea932810a9a58a4bb22b481e4f.jpg
Ветровка Anteater Gnar;https://creamshop.ru/store/clothing/vetrovka/windjacket-90/;3 499 руб.3 999 руб.;['РазмерSML'];/upload/resize_cache/iblock/36d/270_338_2/36da99581f63495311732088d758a680.jpg
Футболка Anteater Tee;https://creamshop.ru/store/clothing/futbolka/457/;999 руб.1 399 руб.;['РазмерSMLXXL'];/upload/resize_cache/iblock/b9c/270_338_2/b9c194e1b110d8f8f39c6b82a0724127.jpg
Толстовка Anteater Hood;https://creamshop.ru/store/clothing/tolstovka/hoodlong-tie-dye-bage/;2 599 руб.3 099 руб.;['РазмерXXL'];/upload/resize_cache/iblock/038/270_338_2/038e31aa3b191942551dd71f174736b4.jpg
Толстовка Anteater Hood;https://creamshop.ru/store/clothing/tolstovka/hoodlong-terrakot/;2 099 руб.2 899 руб.;['РазмерSMXL'];/upload/resize_cache/iblock/71a/270_338_2/71ae44dedb78aa39dd5f35beba7e8153.jpg
Толстовка Anteater Hoodie;https://creamshop.ru/store/clothing/tolstovka/hoodie-violet-bandana-logo/;3 499 руб.4 199 руб.;['РазмерM'];/upload/resize_cache/iblock/fe9/270_338_2/fe9aeb6b1bbb760c9c2dbe210738dfa3.jpg
Анорак Anteater Spray;https://creamshop.ru/store/clothing/anorak/cotton-combo-olive/;3 599 руб.;['РазмерSML'];/upload/resize_cache/iblock/7d2/270_338_2/7d2341fef6a660ee46e718b88578a08d.jpg
Куртка Anteater Coach Jacket;https://creamshop.ru/store/clothing/kurtka/coachjkt-splats/;3 499 руб.4 499 руб.;['РазмерXSSMLXL'];/upload/resize_cache/iblock/62f/270_338_2/62f143f2b05e7c14c31155b2836346f3.jpg
Анорак Anteater Spray;https://creamshop.ru/store/clothing/anorak/cotton-combo-bage/;3 599 руб.;['РазмерSMLXL'];/upload/resize_cache/iblock/6d9/270_338_2/6d9c3a76992b85c8f1ad671f965eee64.jpg
Ветровка Anteater Gnar;https://creamshop.ru/store/clothing/vetrovka/windjacket-89/;4 999 руб.;['РазмерXSSML'];/upload/resize_cache/iblock/0b6/270_338_2/0b63176670d01b3a209e8f228759d886.jpg
Шорты Anteater Simple;https://creamshop.ru/store/clothing/shorty/simpleshorts-haki/;1 799 руб.2 299 руб.;['РазмерSLXL'];/upload/resize_cache/iblock/613/270_338_2/61362154211474ff41581acd038a5b2b.jpg
Толстовка Anteater Zip;https://creamshop.ru/store/clothing/tolstovka/zip-l-racketos/;2 499 руб.3 499 руб.;['РазмерXSSMXL'];/upload/resize_cache/iblock/ed5/270_338_2/ed5f9beccaddad6c24f122f16b84749f.jpg
Толстовка Anteater Hood;https://creamshop.ru/store/clothing/tolstovka/hoodlong-black-sea/;1 999 руб.2 599 руб.;['РазмерMXL'];/upload/resize_cache/iblock/c49/270_338_2/c49514865060b339782effa51e93a5ff.jpg
Толстовка Anteater Hood;https://creamshop.ru/store/clothing/tolstovka/hoodlong-black/;2 099 руб.2 799 руб.;['РазмерSM'];/upload/resize_cache/iblock/9da/270_338_2/9da8a8033c1958d5dbbc5449fa69d56f.jpg
Толстовка Anteater Hoodie;https://creamshop.ru/store/clothing/tolstovka/hoodie-violet-anteater/;3 499 руб.4 099 руб.;['РазмерSM'];/upload/resize_cache/iblock/5cf/270_338_2/5cfc3f1b5b4303646ec5887ed007077a.jpg
Толстовка Anteater Icon;https://creamshop.ru/store/clothing/tolstovka/hoodie-tag-grey/;3 499 руб.3 999 руб.;['РазмерML'];/upload/resize_cache/iblock/dab/270_338_2/dab43142bc62a7f8df254e8ba65881b1.jpg
Толстовка Anteater Hoodie;https://creamshop.ru/store/clothing/tolstovka/hoodie-pink/;3 499 руб.4 099 руб.;['РазмерML'];/upload/resize_cache/iblock/b29/270_338_2/b296f7635f501bd8de60b9570f0ded6f.jpg
Толстовка Anteater Hoodie;https://creamshop.ru/store/clothing/tolstovka/hoodie-pepsi-white/;1 499 руб.1 799 руб.;['РазмерXSSM'];/upload/resize_cache/iblock/6ec/270_338_2/6ec33551db9d9cb5375c7bcf78982e24.jpg
Толстовка Anteater Hoodie;https://creamshop.ru/store/clothing/tolstovka/hoodie-mint/;3 499 руб.4 099 руб.;['РазмерM'];/upload/resize_cache/iblock/471/270_338_2/47170dbac3b252758e66d3bfe2437b30.jpg
Толстовка Anteater Hoodie;https://creamshop.ru/store/clothing/tolstovka/hoodie-ha-ha/;2 999 руб.4 199 руб.;['РазмерM'];/upload/resize_cache/iblock/03e/270_338_2/03ec253a8d18a5ad55c645ab401c9a4e.jpg
Толстовка Anteater Hoodie;https://creamshop.ru/store/clothing/tolstovka/hoodie-grey-logo/;3 499 руб.4 399 руб.;['РазмерXSSMLXL'];/upload/resize_cache/iblock/604/270_338_2/6042442e6d9defa3fe8f17f8b3f34fc9.jpg
Толстовка Anteater Icon;https://creamshop.ru/store/clothing/tolstovka/hoodie-combo-violet/;2 999 руб.3 799 руб.;['РазмерXSS'];/upload/resize_cache/iblock/ef7/270_338_2/cbylkgftih45tmzlxrk1nw88jpo15rm7.jpg
Толстовка Anteater Icon;https://creamshop.ru/store/clothing/tolstovka/hoodie-brown-logo/;2 999 руб.4 199 руб.;['РазмерML'];/upload/resize_cache/iblock/ee6/270_338_2/ee66e45a70d0c3b8243d6529f01cd64b.jpg
Толстовка Anteater Crewneck;https://creamshop.ru/store/clothing/tolstovka/crewneck-pepsi-navy/;1 299 руб.2 699 руб.;['РазмерXSSM'];/upload/resize_cache/iblock/7cf/270_338_2/7cf1fa379cc3fd5dd4b7bdac9f5bacf8.jpg
Толстовка Anteater Crewneck;https://creamshop.ru/store/clothing/tolstovka/crewneck-pepsi-combo/;1 299 руб.2 699 руб.;['РазмерXSSML'];/upload/resize_cache/iblock/4f8/270_338_2/4f870074071d4093cb322b22d0b2e7af.jpg
Толстовка Anteater Crewneck;https://creamshop.ru/store/clothing/tolstovka/crewneck-luxury-grey/;2 799 руб.;['РазмерXSMLXL'];/upload/resize_cache/iblock/c55/270_338_2/c558ed0990e18c1c0c2497b10ff944c3.jpg
Толстовка Anteater Crewneck;https://creamshop.ru/store/clothing/tolstovka/crewneck-combo-pink/;2 699 руб.;['РазмерSMLXLXXL'];/upload/resize_cache/iblock/066/270_338_2/llnj4eanys7j2gmw1nty3q74kr14ddrd.jpg
Толстовка Anteater Crewneck;https://creamshop.ru/store/clothing/tolstovka/crewneck-combo-navy/;2 299 руб.;['РазмерXSM'];/upload/resize_cache/iblock/087/270_338_2/0877faca6e55382d71b6eb78ce42d9f2.jpg
Толстовка Anteater Crewneck;https://creamshop.ru/store/clothing/tolstovka/crewneck-combo-mint/;2 699 руб.;['РазмерSMLXLXXLT'];/upload/resize_cache/iblock/856/270_338_2/lv2qkesucmfwm1damyo2n5igc5x0b45o.jpg
Толстовка Anteater Crewneck;https://creamshop.ru/store/clothing/tolstovka/crewneck-combo-haki/;2 299 руб.;['РазмерXSSM'];/upload/resize_cache/iblock/6bb/270_338_2/6bbbcb839258c44cc66610bb63492969.jpg
Куртка Anteater Downlight;https://creamshop.ru/store/clothing/kurtka/downlight-combo-navy/;4 599 руб.;['РазмерXSSMLXLXXL'];/upload/resize_cache/iblock/9d7/270_338_2/9d7effc17d550efee7eb19802c91af6a.jpg
Куртка Anteater Downlight;https://creamshop.ru/store/clothing/kurtka/downlight-combo-haki/;4 599 руб.;['РазмерXSSMLXLXXL'];/upload/resize_cache/iblock/cb1/270_338_2/cb165e5d405c1c8093f0804392d63dc3.jpg
Куртка Anteater Downlight;https://creamshop.ru/store/clothing/kurtka/downlight-combo-grey/;4 599 руб.;['РазмерXSSMLXLXXL'];/upload/resize_cache/iblock/2de/270_338_2/2debdf3706bc58e9b1bb3ce77fed90c3.jpg
Куртка Anteater Downjacket;https://creamshop.ru/store/clothing/kurtka/downjacket-black/;7 199 руб.;['РазмерXSSMLXLXXL'];/upload/resize_cache/iblock/7f4/270_338_2/pqbcpph9hm0xxp4y07feukipgcr7rfl0.jpg
Куртка Anteater Double Fleece;https://creamshop.ru/store/clothing/kurtka/dfleece-combo-violet/;2 999 руб.4 799 руб.;['РазмерXS'];/upload/resize_cache/iblock/903/270_338_2/903b241bc24b140dc823b68730f59aa9.jpg
Куртка Anteater Double Jacket;https://creamshop.ru/store/clothing/kurtka/doublejacket-brown-haki/;3 999 руб.4 999 руб.;['РазмерXSLXL'];/upload/resize_cache/iblock/f69/270_338_2/f69e16516c95548f8a87404f0d3d394c.jpg
Куртка Anteater Coach Jacket;https://creamshop.ru/store/clothing/kurtka/coachjkt-vlvt-yellow-b-n/;4 499 руб.5 299 руб.;['РазмерXS'];/upload/resize_cache/iblock/115/270_338_2/115b3238b9d16ef9da9050c83795e86d.jpg
Куртка Anteater Coach Jacket;https://creamshop.ru/store/clothing/kurtka/coachjkt-vlvt-yellow/;4 499 руб.5 299 руб.;['РазмерM'];/upload/resize_cache/iblock/27a/270_338_2/27ae7b170fbc4f09aad2f79e28bcce14.jpg
Куртка Anteater Coach Jacket;https://creamshop.ru/store/clothing/kurtka/coachjkt-vlvt-brown/;5 299 руб.;['РазмерXSSMLXL'];/upload/resize_cache/iblock/6a0/270_338_2/zdw77nfn0xr12g5xhjd20rfaesxp5erc.jpg
Куртка Anteater Coach Jacket;https://creamshop.ru/store/clothing/kurtka/coachjkt-vlvt-black/;5 299 руб.;['РазмерXSSMLXL'];/upload/resize_cache/iblock/d4a/270_338_2/d4a70e09c5a524456becc088e3b5a07a.jpg
Куртка Anteater Coach Jacket;https://creamshop.ru/store/clothing/kurtka/coachjkt-jeans-stripes/;3 999 руб.4 499 руб.;['РазмерM'];/upload/resize_cache/iblock/452/270_338_2/45235a696f7fabdb6b5c942dbe576291.jpg
Куртка Anteater Coach Jacket;https://creamshop.ru/store/clothing/kurtka/coachjkt-jeans-grey/;3 999 руб.4 499 руб.;['РазмерM'];/upload/resize_cache/iblock/e7b/270_338_2/e7bb7c6eb2e7503e2855a2caecd6ff08.jpg
Куртка Anteater Coach Jacket;https://creamshop.ru/store/clothing/kurtka/coachjacket-grey/;3 799 руб.;['РазмерSMLXL'];/upload/resize_cache/iblock/025/270_338_2/0254675840b63510cd7f324d937928f5.jpg
Брюки Anteater Sportpants;https://creamshop.ru/store/clothing/bryuki/sportpants-stripe-navy/;2 499 руб.3 299 руб.;['РазмерL'];/upload/resize_cache/iblock/fa6/270_338_2/fa67afb416b6b2a8f87780fa748cc6bf.jpg
Брюки Anteater Joggers;https://creamshop.ru/store/clothing/bryuki/simple-joggers-navy/;1 999 руб.2 899 руб.;['РазмерMLXL'];/upload/resize_cache/iblock/e4a/270_338_2/e4a5129d58e198bc31a57c375e74214d.jpg
Брюки Anteater Joggers;https://creamshop.ru/store/clothing/bryuki/simple-joggers-haki/;2 899 руб.;['РазмерSMLXL'];/upload/resize_cache/iblock/0ea/270_338_2/0ea772089dcfc8f9deac336b1020fff8.jpg
Брюки Anteater Joggers;https://creamshop.ru/store/clothing/bryuki/simple-joggers-grey/;1 999 руб.2 899 руб.;['РазмерL'];/upload/resize_cache/iblock/652/270_338_2/65264af202b97c9c4486b485512626b4.jpg
Брюки Anteater Joggers;https://creamshop.ru/store/clothing/bryuki/simple-joggers-camo/;1 399 руб.2 899 руб.;['РазмерSMLXL'];/upload/resize_cache/iblock/78f/270_338_2/78f0029278204b97b6ba4b2acb38bcb2.jpg
Брюки Anteater Joggers;https://creamshop.ru/store/clothing/bryuki/simple-joggers-brown/;2 899 руб.;['РазмерSMLXL'];/upload/resize_cache/iblock/f3d/270_338_2/f3d1d88802af9a27477e1aae1f322add.jpg
Брюки Anteater Joggers;https://creamshop.ru/store/clothing/bryuki/simple-joggers-black/;2 899 руб.;['РазмерSMLXL'];/upload/resize_cache/iblock/afc/270_338_2/afcf38c8c49fc2f3c700c8e47d287e7f.jpg
Брюки Anteater M47;https://creamshop.ru/store/clothing/bryuki/m47-black/;3 299 руб.;['РазмерSMLXL'];/upload/resize_cache/iblock/25c/270_338_2/25cd919a982649e030c59b5a9e16d26d.jpg
Брюки Anteater M47;https://creamshop.ru/store/clothing/bryuki/m47-haki/;3 299 руб.;['РазмерMXL'];/upload/resize_cache/iblock/9b0/270_338_2/9b0075f1cde5a0d9057216eb08b87123.jpg
Брюки Anteater Chino;https://creamshop.ru/store/clothing/bryuki/chino-velvet-yellow/;2 499 руб.2 999 руб.;['РазмерSMLXL'];/upload/resize_cache/iblock/899/270_338_2/8997823070c1703b70095383f7e12a50.jpg
Брюки Anteater Cargo;https://creamshop.ru/store/clothing/bryuki/bcargo2-black/;3 999 руб.;['РазмерSMLXL'];/upload/resize_cache/iblock/9e0/270_338_2/9e02b3cec9bffcef7cb7d72e40de60ee.jpg
Брюки Anteater Cargo;https://creamshop.ru/store/clothing/bryuki/bcargo2-bage/;3 999 руб.;['РазмерSMLXL'];/upload/resize_cache/iblock/5d4/270_338_2/5d45cce2e986640a7014eb6680d70cbc.jpg
Брюки Anteater Cargo Joggers;https://creamshop.ru/store/clothing/bryuki/bcargo-haki/;3 999 руб.;['РазмерSMLXL'];/upload/resize_cache/iblock/349/270_338_2/3494a51c5b401a3a7e1d95a75df37b3a.jpg
Брюки Anteater Cargo Joggers;https://creamshop.ru/store/clothing/bryuki/bcargo-navy/;2 999 руб.3 999 руб.;['РазмерLXL'];/upload/resize_cache/iblock/def/270_338_2/def06b5c317d53250a6eecc416d479ef.jpg
Брюки Anteater Cargo Joggers;https://creamshop.ru/store/clothing/bryuki/bcargo-grey/;2 999 руб.3 999 руб.;['РазмерM'];/upload/resize_cache/iblock/96a/270_338_2/96aeff9a5434f8958c7f5a1f5ab09cb0.jpg
Брюки Anteater Cargo Joggers;https://creamshop.ru/store/clothing/bryuki/bcargo-brown/;3 999 руб.;['РазмерSMLXL'];/upload/resize_cache/iblock/18c/270_338_2/18c60a8656747ec12f6926dd45286e75.jpg
Брюки Anteater Cargo Joggers;https://creamshop.ru/store/clothing/bryuki/bcargo-camo-br/;2 499 руб.3 999 руб.;['РазмерSM'];/upload/resize_cache/iblock/031/270_338_2/031709a53c0eb36427c7f46f4f4bc071.jpg
Брюки Anteater Cargo Joggers;https://creamshop.ru/store/clothing/bryuki/bcargo-black/;3 999 руб.;['РазмерSMLXL'];/upload/resize_cache/iblock/fa4/270_338_2/fa44f089fd32779fb098eb0b9620b733.jpg
Анорак Anteater Spray;https://creamshop.ru/store/clothing/anorak/sherpa-combo-haki/;1 399 руб.1 999 руб.;['РазмерSML'];/upload/resize_cache/iblock/2f8/270_338_2/2f8bbce527cb56a42676ab2f1cc4e691.jpg
Анорак Anteater WSpray;https://creamshop.ru/store/clothing/anorak/long-combo-orange/;2 999 руб.3 999 руб.;['РазмерXSXL'];/upload/resize_cache/iblock/240/270_338_2/240593e49405a004371b6b4fd7dfb8e7.jpg
Анорак Anteater WSpray;https://creamshop.ru/store/clothing/anorak/long-combo-haki/;4 299 руб.;['РазмерLXL'];/upload/resize_cache/iblock/06a/270_338_2/06a477dd36fef6dbb187985c4ae813e7.jpg
Анорак Anteater WSpray;https://creamshop.ru/store/clothing/anorak/long-combo-grey/;4 299 руб.;['РазмерXSSML'];/upload/resize_cache/iblock/d92/270_338_2/d920a1c79883af257ad6af3e96f9ae4e.jpg
Анорак Anteater WSpray;https://creamshop.ru/store/clothing/anorak/long-combo-brown/;4 299 руб.;['РазмерXSSMLXL'];/upload/resize_cache/iblock/e17/270_338_2/e179e2b4080fb8ad8ae7fb7317ed4013.jpg
Анорак Anteater Organizer;https://creamshop.ru/store/clothing/anorak/cotton-rf-navy/;2 999 руб.3 899 руб.;['РазмерS'];/upload/resize_cache/iblock/826/270_338_2/82663c646dfc1eeb842168251d21b0db.jpg
Анорак Anteater Organizer;https://creamshop.ru/store/clothing/anorak/cotton-rf-black/;2 999 руб.3 899 руб.;['РазмерS'];/upload/resize_cache/iblock/9cd/270_338_2/9cd25c9a80f09e0c2b28e8ae499001fd.jpg
Анорак Anteater Spray;https://creamshop.ru/store/clothing/anorak/cotton-light-haki/;2 599 руб.3 099 руб.;['РазмерSM'];/upload/resize_cache/iblock/623/270_338_2/623c1205319df44f8a28c825e4707650.jpg
Анорак Anteater Spray;https://creamshop.ru/store/clothing/anorak/cotton-grey/;3 599 руб.;['РазмерXSSMLXL'];/upload/resize_cache/iblock/c81/270_338_2/c81fa1b8b7651bf2bd2daf0982fa40a0.jpg
Анорак Anteater Spray;https://creamshop.ru/store/clothing/anorak/cotton-combo-green/;1 999 руб.3 099 руб.;['РазмерSM'];/upload/resize_cache/iblock/c79/270_338_2/c79f6b550dcbfbeeb774754919a18655.jpg
Анорак Anteater Spray;https://creamshop.ru/store/clothing/anorak/cotton-bl-grey/;2 999 руб.3 299 руб.;['РазмерXSS'];/upload/resize_cache/iblock/58d/270_338_2/58d6833e203511c87fda8ba94553c7e5.jpg
Анорак Anteater Spray;https://creamshop.ru/store/clothing/anorak/cotton-bl-camo/;2 999 руб.3 299 руб.;['РазмерXSSM'];/upload/resize_cache/iblock/f7c/270_338_2/f7cd9f0b2c6f3b99c034958110928a72.jpg
Анорак Anteater Spray;https://creamshop.ru/store/clothing/anorak/combo-violet/;2 199 руб.;['РазмерSML'];/upload/resize_cache/iblock/0e3/270_338_2/0e35453ba48c4977665e6cd06b9a32cd.jpg
Анорак Anteater Spray;https://creamshop.ru/store/clothing/anorak/combo-orange/;2 199 руб.;['РазмерSMLXL'];/upload/resize_cache/iblock/211/270_338_2/211ef2bdf1552b863215600c73641167.jpg
Анорак Anteater Spray;https://creamshop.ru/store/clothing/anorak/combo-navy/;1 599 руб.2 199 руб.;['РазмерM'];/upload/resize_cache/iblock/9d0/270_338_2/9d0d2b0135766efed065aac42495113a.jpg
Анорак Anteater Spray;https://creamshop.ru/store/clothing/anorak/combo-haki/;2 199 руб.;['РазмерSMLXL'];/upload/resize_cache/iblock/8f2/270_338_2/8f25b8ca096b857af40b05dbf2b6275d.jpg
Анорак Anteater Spray;https://creamshop.ru/store/clothing/anorak/combo-grey/;2 199 руб.;['РазмерSMLXL'];/upload/resize_cache/iblock/19a/270_338_2/19a4f020db109bdc797055397e1b6bee.jpg
Анорак Anteater Spray;https://creamshop.ru/store/clothing/anorak/combo-brown/;1 599 руб.2 199 руб.;['РазмерM'];/upload/resize_cache/iblock/630/270_338_2/630a4d3d64cc92a91512f506b2def75b.jpg
Анорак Anteater Spray;https://creamshop.ru/store/clothing/anorak/anorakcotton-haki/;3 599 руб.;['РазмерXSSMLXL'];/upload/resize_cache/iblock/3af/270_338_2/3af1c6a03adb796a61e89465caa419fc.jpg
Анорак Anteater Spray;https://creamshop.ru/store/clothing/anorak/anorakcotton-corsar/;3 599 руб.;['РазмерXSSMLXL'];/upload/resize_cache/iblock/92a/270_338_2/92a78847c5716a527345908a8cf6a0dd.jpg
Анорак Anteater Spray;https://creamshop.ru/store/clothing/anorak/anorakcotton-bage/;2 999 руб.3 599 руб.;['РазмерXSSMLXL'];/upload/resize_cache/iblock/a97/270_338_2/xz2mag72k37qdhpyc53m1j4o0jamnqat.jpg
Анорак Anteater Spray;https://creamshop.ru/store/clothing/anorak/anorak-reflective-haki/;1 499 руб.2 499 руб.;['РазмерXSSMLXL'];/upload/resize_cache/iblock/85d/270_338_2/85d02eb48eb0eaa0fe702e2261757bdb.jpg
Анорак Anteater Spray;https://creamshop.ru/store/clothing/anorak/anorak-reflective-grey/;1 499 руб.2 499 руб.;['РазмерXS'];/upload/resize_cache/iblock/ecc/270_338_2/ecc3dbc2fbcd2b03fadadaa07939236e.jpg
Анорак Anteater Pocket;https://creamshop.ru/store/clothing/anorak/anorak-p-c-haki-anteater/;1 299 руб.2 299 руб.;['РазмерM'];/upload/resize_cache/iblock/ca5/270_338_2/ca518aa77d8abf643301b6d8295805e3.jpg
Анорак Anteater Pocket;https://creamshop.ru/store/clothing/anorak/anorak-p-c-combo-navy/;1 299 руб.2 999 руб.;['РазмерXSSM'];/upload/resize_cache/iblock/732/270_338_2/732b7e7ef9009b746e071e7792a11c2d.jpg
Анорак Anteater Pocket;https://creamshop.ru/store/clothing/anorak/anorak-p-c-combo-grey/;2 999 руб.;['РазмерXSSMLXL'];/upload/resize_cache/iblock/af3/270_338_2/af3e6c193164cd387b44ce97b8684723.jpg
Анорак Anteater Pocket;https://creamshop.ru/store/clothing/anorak/anorak-p-c-combo-bage/;2 999 руб.;['РазмерSMLXL'];/upload/resize_cache/iblock/6af/270_338_2/6af1db88dde7248ce20108f6d0f2dce5.jpg
Анорак Anteater Pocket;https://creamshop.ru/store/clothing/anorak/anorak-p-c-black/;2 999 руб.;['РазмерXSSMLXL'];/upload/resize_cache/iblock/a60/270_338_2/a600de1854e1bbbf0ffc8c73cc89f831.jpg
Анорак Anteater Spray;https://creamshop.ru/store/clothing/anorak/anorak-navy-black/;2 199 руб.;['РазмерSM'];/upload/resize_cache/iblock/523/270_338_2/52339524eb8a037d414b8a7dd019c492.jpg
Анорак Anteater Spray;https://creamshop.ru/store/clothing/anorak/anorak-mesh-silver/;1 499 руб.1 999 руб.;['РазмерSL'];/upload/resize_cache/iblock/49b/270_338_2/49bced3b875a12a5f30422c3e5939c7b.jpg
Анорак Anteater Spray;https://creamshop.ru/store/clothing/anorak/anorak-mesh-navy/;1 499 руб.1 999 руб.;['РазмерXSSML'];/upload/resize_cache/iblock/2db/270_338_2/2db9c05729f35c5392e2b6ae731866ec.jpg
Анорак Anteater Spray;https://creamshop.ru/store/clothing/anorak/anorak-mesh-pink/;1 499 руб.1 999 руб.;['РазмерL'];/upload/resize_cache/iblock/191/270_338_2/1914f6c10138628813ef8c56c13c9b04.jpg
Анорак Anteater Spray;https://creamshop.ru/store/clothing/anorak/anorak-combo-camo/;2 199 руб.;['РазмерXSSML'];/upload/resize_cache/iblock/1f6/270_338_2/1f66db5bd4cd52c29578054a28b0367d.jpg
Анорак Anteater Spray;https://creamshop.ru/store/clothing/anorak/anorak-camo-yellow/;1 499 руб.2 299 руб.;['РазмерSM'];/upload/resize_cache/iblock/3b6/270_338_2/3b6deb2b5e6f5fa681dd569c3709af23.jpg
Анорак Anteater Spray;https://creamshop.ru/store/clothing/anorak/anorak-camo-red/;1 499 руб.2 299 руб.;['РазмерXS'];/upload/resize_cache/iblock/a37/270_338_2/a37721c6e6218ea9a5e6269e418e6293.jpg
Анорак Anteater Spray;https://creamshop.ru/store/clothing/anorak/anorak-camo-bage/;1 499 руб.1 799 руб.;['РазмерXSSM'];/upload/resize_cache/iblock/333/270_338_2/333273fdb8274057e1db0633bbf5ca5b.jpg
Лонгслив Anteater LongSleeve;https://creamshop.ru/store/clothing/longsliv/long081/;799 руб.1 499 руб.;['РазмерS'];/upload/resize_cache/iblock/2c3/270_338_2/2c36d7eed182c64da05f773ce81fa758.jpg
Куртка Anteater Coach Jacket;https://creamshop.ru/store/clothing/kurtka/coachjacket-black/;4 799 руб.;['РазмерXSSMLXL'];/upload/resize_cache/iblock/561/270_338_2/561323bfeed16da2fa3471e8178aaa13.jpg
Футболка Anteater Tee;https://creamshop.ru/store/clothing/futbolka/445/;1 199 руб.;['РазмерM'];/upload/resize_cache/iblock/dda/270_338_2/dda548faf9cd2a094bfe2013791d2c86.jpg
Футболка Anteater Tee;https://creamshop.ru/store/clothing/futbolka/414/;599 руб.1 499 руб.;['РазмерSM'];/upload/resize_cache/iblock/bc0/270_338_2/bc0c907338b8d9998da338351627c077.jpg
Футболка Anteater Tee;https://creamshop.ru/store/clothing/futbolka/415/;599 руб.1 499 руб.;['РазмерXSS'];/upload/resize_cache/iblock/133/270_338_2/13396c2aba5a87cfa2489f9c72d91107.jpg
Футболка Anteater Tee;https://creamshop.ru/store/clothing/futbolka/417/;599 руб.1 499 руб.;['РазмерXSS'];/upload/resize_cache/iblock/6b2/270_338_2/6b204f43dcaf484f4e0241f8d0066460.jpg
Футболка Anteater Tee;https://creamshop.ru/store/clothing/futbolka/378/;599 руб.1 399 руб.;['РазмерXSS'];/upload/resize_cache/iblock/f30/270_338_2/f30476d8b4d9c605f84dc183c62dec08.jpg
Футболка Anteater Tee;https://creamshop.ru/store/clothing/futbolka/384/;599 руб.1 399 руб.;['РазмерS'];/upload/resize_cache/iblock/410/270_338_2/41038e2ff427e1ef78b90b4e36beadb5.jpg
Футболка Anteater Tee;https://creamshop.ru/store/clothing/futbolka/387/;599 руб.1 399 руб.;['РазмерS'];/upload/resize_cache/iblock/ab5/270_338_2/ab5d7903ea4be79f5bb67a8133a6604d.jpg
Футболка Anteater Tee;https://creamshop.ru/store/clothing/futbolka/399/;599 руб.1 399 руб.;['РазмерS'];/upload/resize_cache/iblock/7cc/270_338_2/7cc005c1700743cd17af742393a386b7.jpg
Футболка Anteater Tee;https://creamshop.ru/store/clothing/futbolka/402/;599 руб.1 399 руб.;['РазмерS'];/upload/resize_cache/iblock/15a/270_338_2/15abf7c42d91744188ab0ec8b83d51da.jpg
Футболка Anteater Tee;https://creamshop.ru/store/clothing/futbolka/407/;1 199 руб.;['РазмерXXL'];/upload/resize_cache/iblock/876/270_338_2/8762cc00808c684bc9e65744c32d9bf6.jpg
Толстовка Anteater Zip;https://creamshop.ru/store/clothing/tolstovka/zip-grey/;2 999 руб.3 499 руб.;['РазмерXSXLXXL'];/upload/resize_cache/iblock/c4a/270_338_2/c4aa8d860f27743608ad7b18b118cedd.jpg
Толстовка Anteater Zip;https://creamshop.ru/store/clothing/tolstovka/zip-zenit/;1 999 руб.3 499 руб.;['РазмерXS'];/upload/resize_cache/iblock/425/270_338_2/42592a4d59e704d908b5706e9827c5cb.jpg
Футболка Anteater Tee;https://creamshop.ru/store/clothing/futbolka/364/;599 руб.1 399 руб.;['РазмерM'];/upload/resize_cache/iblock/8ee/270_338_2/8ee8c70d16a94459e97814eb02be9670.jpg
Футболка Anteater Tee;https://creamshop.ru/store/clothing/futbolka/365/;599 руб.1 399 руб.;['РазмерXSSM'];/upload/resize_cache/iblock/bfb/270_338_2/bfb32a871dd95f0b0b913c52dce430be.jpg
Футболка Anteater Tee;https://creamshop.ru/store/clothing/futbolka/377/;599 руб.1 399 руб.;['РазмерXSSLXL'];/upload/resize_cache/iblock/2e0/270_338_2/2e0d7ea138d464389a10c6d1b7ceb257.jpg
Толстовка Anteater Hood;https://creamshop.ru/store/clothing/tolstovka/hoodlong-haki/;1 999 руб.2 499 руб.;['РазмерMLXLXXL'];/upload/resize_cache/iblock/7da/270_338_2/7da2a752c80581650fdbb700b8a52b04.jpg
Толстовка Anteater Hood;https://creamshop.ru/store/clothing/tolstovka/hoodlong-pepsi/;1 299 руб.2 999 руб.;['РазмерXSSM'];/upload/resize_cache/iblock/d3d/270_338_2/d3d92e4ce9617d9767ec0f7f052672bb.jpg
Толстовка Anteater Hoodie;https://creamshop.ru/store/clothing/tolstovka/hoodie-revo/;1 799 руб.3 799 руб.;['РазмерXSSLXL'];/upload/resize_cache/iblock/dc5/270_338_2/dc56ff1267f24250824830f529262da3.jpg
Толстовка Anteater Hoodie;https://creamshop.ru/store/clothing/tolstovka/hoodie-zenit/;1 999 руб.3 999 руб.;['РазмерM'];/upload/resize_cache/iblock/ce4/270_338_2/ce419b6fa56a20666afd81a0cf7dca81.jpg
Толстовка Anteater Hood;https://creamshop.ru/store/clothing/tolstovka/hoodlong-bordo/;1 999 руб.2 499 руб.;['РазмерXLXXL'];/upload/resize_cache/iblock/c4a/270_338_2/c4af3fa04d31a5a1702c836346901669.jpg
Толстовка Anteater Crewneck;https://creamshop.ru/store/clothing/tolstovka/crewneck-revo/;1 599 руб.2 999 руб.;['РазмерXSSLXL'];/upload/resize_cache/iblock/3f9/270_338_2/3f930668bfe0edc65bedc6e44aa000c2.jpg
Толстовка Anteater Hoodie;https://creamshop.ru/store/clothing/tolstovka/hoodie-anniversary/;2 499 руб.3 499 руб.;['РазмерS'];/upload/resize_cache/iblock/c6e/270_338_2/c6e10e50c572792a753d71d70d433682.jpg
Толстовка Aka6xAnteater;https://creamshop.ru/store/clothing/tolstovka/crewneck-acab/;1 599 руб.;['РазмерXSSM'];/upload/resize_cache/iblock/43c/270_338_2/43ccffcbfee2d5149c1929fbf5c08bc2.jpg
Лонгслив Anteater LongSleeve;https://creamshop.ru/store/clothing/longsliv/long085/;999 руб.1 999 руб.;['РазмерS'];/upload/resize_cache/iblock/9b2/270_338_2/9b27b79c903d5d1542430ce0612c5eec.jpg
Лонгслив Anteater LongSleeve;https://creamshop.ru/store/clothing/longsliv/long086/;999 руб.1 999 руб.;['РазмерSM'];/upload/resize_cache/iblock/5c3/270_338_2/5c3388bd0cc08efbaf0dafb149763a40.jpg
Лонгслив Anteater LongSleeve;https://creamshop.ru/store/clothing/longsliv/long070/;799 руб.1 499 руб.;['РазмерXSS'];/upload/resize_cache/iblock/03a/270_338_2/03a454d761b2818f9906ca6660276e4b.jpg
Лонгслив Anteater LongSleeve;https://creamshop.ru/store/clothing/longsliv/long071/;999 руб.1 599 руб.;['РазмерS'];/upload/resize_cache/iblock/796/270_338_2/79643c441fcd9fbedf1cd53940e0839c.jpg
Лонгслив Anteater LongSleeve;https://creamshop.ru/store/clothing/longsliv/long073/;799 руб.1 499 руб.;['РазмерXSS'];/upload/resize_cache/iblock/3cd/270_338_2/3cd5f7f621c10c29d9534c49e3ccb441.jpg
Лонгслив Anteater LongSleeve;https://creamshop.ru/store/clothing/longsliv/long074/;799 руб.1 499 руб.;['РазмерXSS'];/upload/resize_cache/iblock/3a0/270_338_2/3a0ac8e090a2851a6fd4df8f3e1f284a.jpg
Лонгслив Anteater LongSleeve;https://creamshop.ru/store/clothing/longsliv/long064/;999 руб.1 999 руб.;['РазмерXSSM'];/upload/resize_cache/iblock/afc/270_338_2/afc046114eb4dbfcc83e925a7c1f2693.jpg
Лонгслив Anteater LongSleeve;https://creamshop.ru/store/clothing/longsliv/long065/;799 руб.1 499 руб.;['РазмерL'];/upload/resize_cache/iblock/f6b/270_338_2/f6bb9b6516bccc088b84b250649fca42.jpg
Лонгслив Anteater LongSleeve;https://creamshop.ru/store/clothing/longsliv/long067/;999 руб.;['РазмерXSSL'];/upload/resize_cache/iblock/5c2/270_338_2/5c2253c08bfdf27829855ba4cde137b0.jpg
Куртка Anteater WCoach Jacket;https://creamshop.ru/store/clothing/kurtka/wcoach-bandana/;3 999 руб.4 999 руб.;['РазмерXSSMLXL'];/upload/resize_cache/iblock/f43/270_338_2/f43f4ff1bc110faf3bf6d3a97f4d587e.jpg
Куртка Anteater Grad;https://creamshop.ru/store/clothing/kurtka/grad-haki/;2 999 руб.3 499 руб.;['РазмерXSSML'];/upload/resize_cache/iblock/915/270_338_2/915fb8a71c392876cf408d970ca9b77f.jpg
Куртка Anteater Bomber;https://creamshop.ru/store/clothing/kurtka/bomber-yellow/;3 999 руб.4 799 руб.;['РазмерXSSML'];/upload/resize_cache/iblock/c5f/270_338_2/c5f5dc461c63ee8322615307c6f53d23.jpg
Куртка Anteater Coach Jacket;https://creamshop.ru/store/clothing/kurtka/coachjacket-laser/;1 999 руб.3 699 руб.;['РазмерM'];/upload/resize_cache/iblock/984/270_338_2/984f06df7a0cc9e32dede055013443d7.jpg
Куртка Anteater Coach Jacket;https://creamshop.ru/store/clothing/kurtka/coachjkt-brown/;4 499 руб.4 999 руб.;['РазмерSML'];/upload/resize_cache/iblock/eb0/270_338_2/eb0823d44b04fe5730d47ae8fc8bffb7.jpg
Куртка Anteater Bomber;https://creamshop.ru/store/clothing/kurtka/bomber-sand/;3 999 руб.4 799 руб.;['РазмерXS'];/upload/resize_cache/iblock/4dc/270_338_2/4dcee6ea3a6c03ab913c985542c66d00.jpg
Джинсы Anteater Jeans;https://creamshop.ru/store/rasprodazha/jeans-black/;2 999 руб.3 499 руб.;['Размер283334'];/upload/resize_cache/iblock/b99/270_338_2/b99b33922b498103ad5305390970265c.jpg
Джинсы Anteater Jeans;https://creamshop.ru/store/rasprodazha/jeans-navy/;2 999 руб.3 499 руб.;['Размер283233'];/upload/resize_cache/iblock/e53/270_338_2/e5384a7a15f06b222650774094f30eba.jpg
Жилет Anteater 158Crew;https://creamshop.ru/store/clothing/zhilet/158crew-grey/;1 999 руб.4 999 руб.;['РазмерSM'];/upload/resize_cache/iblock/50d/270_338_2/50deb921d6ffbba2df6e9a6b0280a6e8.jpg
Ветровка Anteater Zip Pocket;https://creamshop.ru/store/clothing/vetrovka/windjacket-84/;2 999 руб.3 499 руб.;['РазмерXS'];/upload/resize_cache/iblock/b6a/270_338_2/b6a87789347e1824388b0686219da9a1.jpg
Ветровка Anteater Shred;https://creamshop.ru/store/clothing/vetrovka/windjacket-87/;1 999 руб.2 699 руб.;['РазмерXS'];/upload/resize_cache/iblock/d07/270_338_2/d07e537d6f7a533eadcefd68c3b31ce0.jpg
Ветровка Anteater Camp Jacket;https://creamshop.ru/store/clothing/vetrovka/windjacket-88/;3 599 руб.4 399 руб.;['РазмерXSSM'];/upload/resize_cache/iblock/148/270_338_2/14824ef6694420c5807ae834a889dde1.jpg
Ветровка Anteater Camp Jacket;https://creamshop.ru/store/clothing/vetrovka/windjacket-80/;3 599 руб.4 399 руб.;['РазмерXSSML'];/upload/resize_cache/iblock/2e5/270_338_2/2e567f849d47aa019754dd69692c84fc.jpg
Ветровка Anteater M65;https://creamshop.ru/store/clothing/vetrovka/windjacket-81/;3 499 руб.3 999 руб.;['РазмерXSSMLXL'];/upload/resize_cache/iblock/b50/270_338_2/b50aa9def6099ada97eda80151469b8e.jpg
Ветровка Anteater Shred;https://creamshop.ru/store/clothing/vetrovka/windjacket-82/;1 999 руб.2 699 руб.;['РазмерXS'];/upload/resize_cache/iblock/e18/270_338_2/e1888cb5223159c7194468e77e923b2a.jpg
Ветровка Anteater Raincoat;https://creamshop.ru/store/clothing/vetrovka/windjacket-72/;3 499 руб.3 999 руб.;['РазмерXS'];/upload/resize_cache/iblock/3d5/270_338_2/3d5a7acce1f5abcb2c774ff62802e017.jpg
Ветровка Anteater Raincoat;https://creamshop.ru/store/clothing/vetrovka/windjacket-74/;3 499 руб.3 999 руб.;['РазмерXSSXL'];/upload/resize_cache/iblock/dc7/270_338_2/dc77806bcfe04709ace1f4e91b527a26.jpg
Ветровка Anteater Raincoat;https://creamshop.ru/store/clothing/vetrovka/windjacket-75/;3 499 руб.3 999 руб.;['РазмерXSSMXL'];/upload/resize_cache/iblock/a47/270_338_2/a472a7e8d6eb73b70d6152a6d5c9d20f.jpg
Ветровка Anteater Camp Jacket;https://creamshop.ru/store/clothing/vetrovka/windjacket-78/;3 499 руб.3 999 руб.;['РазмерXSSM'];/upload/resize_cache/iblock/244/270_338_2/244057529b5e755bc3c146f3b3d6fd1f.jpg
Брюки Anteater Workchino;https://creamshop.ru/store/clothing/bryuki/workchino-navy/;3 599 руб.;['РазмерSMLXL'];/upload/resize_cache/iblock/73b/270_338_2/73bf632f64a871e3dd0c67aeffdbc1f4.jpg
Брюки Anteater Workpants;https://creamshop.ru/store/clothing/bryuki/workpants-black/;3 999 руб.;['РазмерMLXL'];/upload/resize_cache/iblock/3a5/270_338_2/3a573dd5f13733aa8f78b1d00d7b5928.jpg
Ветровка Anteater Raincoat;https://creamshop.ru/store/clothing/vetrovka/windjacket-71/;3 499 руб.4 199 руб.;['РазмерXSSMLXL'];/upload/resize_cache/iblock/9bf/270_338_2/9bff5259de3552bf8f010bb559c38916.jpg
Брюки Anteater Sweatpants;https://creamshop.ru/store/clothing/bryuki/sweatpants-black/;3 399 руб.;['РазмерM'];/upload/resize_cache/iblock/da1/270_338_2/da16db6d9dfb4459a85484053c260345.jpg
Брюки Anteater Sweatpants;https://creamshop.ru/store/clothing/bryuki/sweatpants-yellow/;3 399 руб.;['РазмерXSSMLXL'];/upload/resize_cache/iblock/91a/270_338_2/91a6573fa7218531f0c3155e3cb630a6.jpg
Брюки Anteater Workchino;https://creamshop.ru/store/clothing/bryuki/workchino-green/;3 599 руб.;['РазмерSM'];/upload/resize_cache/iblock/203/270_338_2/203ba2d1f0ad0e04505ed73be0a3ddc6.jpg
Брюки Anteater Streetpants;https://creamshop.ru/store/clothing/bryuki/streetpants-haki/;3 199 руб.;['РазмерM'];/upload/resize_cache/iblock/fde/270_338_2/fde631f6d3162d4a515abc557f076f60.jpg
Брюки Anteater Streetpants;https://creamshop.ru/store/clothing/bryuki/streetpants-navy/;3 199 руб.;['РазмерSMLXL'];/upload/resize_cache/iblock/76d/270_338_2/76d48557c0bca3174a0c927a708e8c54.jpg
Брюки Anteater Sweatpants;https://creamshop.ru/store/clothing/bryuki/sweatpants-bage/;3 399 руб.;['РазмерSMLXL'];/upload/resize_cache/iblock/5f9/270_338_2/5f96180819eb1fd4ed05e8667242d950.jpg
Брюки Anteater Streetpants;https://creamshop.ru/store/clothing/bryuki/streetpants-desert/;3 199 руб.;['РазмерMXL'];/upload/resize_cache/iblock/1c7/270_338_2/1c775f9189af997865d2d24b5fde593a.jpg
Брюки Anteater Chino;https://creamshop.ru/store/clothing/bryuki/chino-black/;2 999 руб.;['РазмерSMLXL'];/upload/resize_cache/iblock/63e/270_338_2/63e7dc78f61a5e8ef195c7133329b0fa.jpg
Брюки Anteater Chino;https://creamshop.ru/store/clothing/bryuki/chino-haki/;2 999 руб.;['РазмерSMLXL'];/upload/resize_cache/iblock/295/270_338_2/2957c6205c9229aae825abc0851ef85d.jpg
Анорак Anteater WSpray;https://creamshop.ru/store/clothing/anorak/long-stadium/;1 999 руб.3 999 руб.;['РазмерXS'];/upload/resize_cache/iblock/8c8/270_338_2/8c882448fb3b81b4a7d4cbfded49da99.jpg
Анорак Anteater WSpray;https://creamshop.ru/store/clothing/anorak/long-black/;4 299 руб.;['РазмерSML'];/upload/resize_cache/iblock/38f/270_338_2/38f232f24b7e9c9c24255fd36b173bb2.jpg
Анорак Anteater Spray;https://creamshop.ru/store/clothing/anorak/anorakcotton-black/;2 999 руб.3 599 руб.;['РазмерXSSMLXL'];/upload/resize_cache/iblock/3e6/270_338_2/3e6a53ac72a6c3639852ef18d86dce28.jpg
Анорак Anteater Spray;https://creamshop.ru/store/clothing/anorak/anorak-haki/;2 199 руб.;['РазмерXSSMLXL'];/upload/resize_cache/iblock/9ef/270_338_2/9efa035a73d93a01611411faeb59aec0.jpg
Анорак Anteater Spray;https://creamshop.ru/store/clothing/anorak/anorak-combo-camo-olive/;1 499 руб.1 799 руб.;['РазмерXSSM'];/upload/resize_cache/iblock/bcc/270_338_2/bcc08657f7e3710509ad4e907699fa1a.jpg
Анорак Anteater Spray;https://creamshop.ru/store/clothing/anorak/anorak-black/;2 199 руб.;['РазмерSMLXL'];/upload/resize_cache/iblock/3d8/270_338_2/3d84f7b15753e50e74d44f3a32cfcf18.jpg
